<?xml version="1.0" encoding="UTF-8"?>
<project-private xmlns="http://www.netbeans.org/ns/project-private/1">
    <editor-bookmarks xmlns="http://www.netbeans.org/ns/editor-bookmarks/2" lastBookmarkId="0"/>
    <open-files xmlns="http://www.netbeans.org/ns/projectui-open-files/2">
        <group>
            <file>file:/C:/Users/gonza/Downloads/elecciones/src/com/mx/opin/sadimiapp/util/Conexion.java</file>
            <file>file:/C:/Users/gonza/Downloads/elecciones/src/com/mx/opin/sadimiapp/main/Opciones.java</file>
            <file>file:/C:/Users/gonza/Downloads/elecciones/src/com/mx/opin/sadimiapp/main/venPrinc.java</file>
            <file>file:/C:/Users/gonza/Downloads/elecciones/src/com/mx/opin/sadimiapp/util/Cargar.java</file>
            <file>file:/C:/Users/gonza/Downloads/elecciones/src/com/mx/opin/sadimiapp/main/Inicio.java</file>
        </group>
    </open-files>
</project-private>
